{
    "colsample_bytree": 0.8892918749323597,
    "gamma": 3.426969056797831e-05,
    "learning_rate": 0.15235729870805292,
    "max_depth": 13.0,
    "min_child_weight": 10.0,
    "n_estimators": 580.0,
    "reg_alpha": 1.0,
    "reg_lambda": 0.1401499305064085,
    "subsample": 0.860562211006825
}
